{
    "rmse": 0.7188090019651533,
    "mae": 0.5457727755061408,
    "r2": 0.28726783403347556
}