{
    "rmse": 0.675689581529834,
    "mae": 0.5304204012333689,
    "r2": 0.27067244433143955
}